-- MySQL dump 10.13  Distrib 8.0.34, for Win64 (x86_64)
--
-- Host: 127.0.0.1    Database: proyecto
-- ------------------------------------------------------
-- Server version	8.1.0

/*!40101 SET @OLD_CHARACTER_SET_CLIENT=@@CHARACTER_SET_CLIENT */;
/*!40101 SET @OLD_CHARACTER_SET_RESULTS=@@CHARACTER_SET_RESULTS */;
/*!40101 SET @OLD_COLLATION_CONNECTION=@@COLLATION_CONNECTION */;
/*!50503 SET NAMES utf8 */;
/*!40103 SET @OLD_TIME_ZONE=@@TIME_ZONE */;
/*!40103 SET TIME_ZONE='+00:00' */;
/*!40014 SET @OLD_UNIQUE_CHECKS=@@UNIQUE_CHECKS, UNIQUE_CHECKS=0 */;
/*!40014 SET @OLD_FOREIGN_KEY_CHECKS=@@FOREIGN_KEY_CHECKS, FOREIGN_KEY_CHECKS=0 */;
/*!40101 SET @OLD_SQL_MODE=@@SQL_MODE, SQL_MODE='NO_AUTO_VALUE_ON_ZERO' */;
/*!40111 SET @OLD_SQL_NOTES=@@SQL_NOTES, SQL_NOTES=0 */;

--
-- Table structure for table `ejercicios`
--

DROP TABLE IF EXISTS `ejercicios`;
/*!40101 SET @saved_cs_client     = @@character_set_client */;
/*!50503 SET character_set_client = utf8mb4 */;
CREATE TABLE `ejercicios` (
  `idejercicio` int NOT NULL AUTO_INCREMENT,
  `idioma` varchar(255) DEFAULT NULL,
  `nivel` varchar(255) DEFAULT NULL,
  `nombre` varchar(255) DEFAULT NULL,
  PRIMARY KEY (`idejercicio`),
  UNIQUE KEY `UK2otk3g9ci102b1vd135nhycqu` (`nombre`,`idioma`,`nivel`)
) ENGINE=InnoDB AUTO_INCREMENT=22 DEFAULT CHARSET=utf8mb4 COLLATE=utf8mb4_0900_ai_ci;
/*!40101 SET character_set_client = @saved_cs_client */;

--
-- Dumping data for table `ejercicios`
--

LOCK TABLES `ejercicios` WRITE;
/*!40000 ALTER TABLE `ejercicios` DISABLE KEYS */;
INSERT INTO `ejercicios` VALUES (1,'Ingles','0','Prueba inicial'),(2,'Ingles','A1','Ejercicio 1 - A1'),(3,'Ingles','A1','Ejercicio 2 - A1'),(4,'Ingles','A1','Examen A1'),(5,'Ingles','A2','Ejercicio 1 - A2'),(6,'Ingles','A2','Ejercicio 2 - A2'),(7,'Ingles','A2','Examen A2'),(8,'Ingles','B1','Ejercicio 1 - B1'),(9,'Ingles','B1','Ejercicio 2 - B1'),(10,'Ingles','B1','Examen B1'),(11,'Ingles','B2','Ejercicio 1 - B2'),(12,'Ingles','B2','Ejercicio 2 - B2'),(13,'Ingles','B2','Examen B2'),(14,'Ingles','C1','Ejercicio 1 - C1'),(15,'Ingles','C1','Ejercicio 2 - C1'),(16,'Ingles','C1','Examen C1'),(17,'Ingles','C2','Ejercicio 1 - C2'),(18,'Ingles','C2','Ejercicio 2 - C2'),(19,'Ingles','C2','Examen C2');
/*!40000 ALTER TABLE `ejercicios` ENABLE KEYS */;
UNLOCK TABLES;

--
-- Table structure for table `hashkey`
--

DROP TABLE IF EXISTS `hashkey`;
/*!40101 SET @saved_cs_client     = @@character_set_client */;
/*!50503 SET character_set_client = utf8mb4 */;
CREATE TABLE `hashkey` (
  `key` varchar(100) NOT NULL,
  `idkey` int NOT NULL AUTO_INCREMENT,
  PRIMARY KEY (`idkey`)
) ENGINE=InnoDB AUTO_INCREMENT=2 DEFAULT CHARSET=utf8mb4 COLLATE=utf8mb4_0900_ai_ci;
/*!40101 SET character_set_client = @saved_cs_client */;

--
-- Dumping data for table `hashkey`
--

LOCK TABLES `hashkey` WRITE;
/*!40000 ALTER TABLE `hashkey` DISABLE KEYS */;
INSERT INTO `hashkey` VALUES ('UnaClaveSecretaMuySegura',1);
/*!40000 ALTER TABLE `hashkey` ENABLE KEYS */;
UNLOCK TABLES;

--
-- Table structure for table `opciones`
--

DROP TABLE IF EXISTS `opciones`;
/*!40101 SET @saved_cs_client     = @@character_set_client */;
/*!50503 SET character_set_client = utf8mb4 */;
CREATE TABLE `opciones` (
  `correcta` bit(1) DEFAULT NULL,
  `idopcion` int NOT NULL AUTO_INCREMENT,
  `idpregunta` int DEFAULT NULL,
  `descripcion` varchar(255) DEFAULT NULL,
  PRIMARY KEY (`idopcion`),
  KEY `FK247cp6am8njvgrgkyc0409mwt` (`idpregunta`),
  CONSTRAINT `FK247cp6am8njvgrgkyc0409mwt` FOREIGN KEY (`idpregunta`) REFERENCES `preguntas` (`idpregunta`) ON DELETE CASCADE
) ENGINE=InnoDB AUTO_INCREMENT=659 DEFAULT CHARSET=utf8mb4 COLLATE=utf8mb4_0900_ai_ci;
/*!40101 SET character_set_client = @saved_cs_client */;

--
-- Dumping data for table `opciones`
--

LOCK TABLES `opciones` WRITE;
/*!40000 ALTER TABLE `opciones` DISABLE KEYS */;
INSERT INTO `opciones` VALUES (_binary '\0',1,1,'in'),(_binary '\0',2,1,'on'),(_binary '',3,1,'at'),(_binary '\0',4,1,'to'),(_binary '\0',5,2,'Gato'),(_binary '',6,2,'Perro'),(_binary '\0',7,2,'Caballo'),(_binary '\0',8,2,'Pájaro'),(_binary '',9,3,'did'),(_binary '\0',10,3,'do'),(_binary '\0',11,3,'does'),(_binary '\0',12,3,'doing'),(_binary '',13,4,'\"There\" indica lugar, mientras que \"they\'re\" es una contracción de \"they are\".'),(_binary '\0',14,4,'\"There\" se usa con sustantivos singulares, mientras que \"they\'re\" se usa con plurales.'),(_binary '\0',15,4,'\"There\" se usa en oraciones afirmativas, mientras que \"they\'re\" se usa en negativas.'),(_binary '\0',16,4,'\"There\" se usa antes de verbos, mientras que \"they\'re\" se usa después.'),(_binary '',17,5,'emphasized'),(_binary '\0',18,5,'emphasizes'),(_binary '\0',19,5,'emphasize'),(_binary '\0',20,5,'emphasizing'),(_binary '',21,6,'¡No puedo esperar a verte mañana!'),(_binary '\0',22,6,'¡No veo la hora de verte mañana!'),(_binary '\0',23,6,'¡Te espero mañana con impaciencia!'),(_binary '\0',24,6,'¡Hasta mañana!'),(_binary '\0',25,7,'significant'),(_binary '',26,7,'significantly'),(_binary '\0',27,7,'significance'),(_binary '\0',28,7,'signifying'),(_binary '',29,8,'Todos los caminos conducen a Roma.'),(_binary '\0',30,8,'Hay muchos caminos que llevan a Roma.'),(_binary '\0',31,8,'No importa el camino que tomes, llegarás a Roma.'),(_binary '\0',32,8,'El camino más largo siempre es el mejor.'),(_binary '',33,10,'Es una verdad universalmente reconocida que un soltero en posesión de una buena fortuna debe estar en busca de una esposa.'),(_binary '\0',34,10,'Es un hecho sabido que los hombres solteros con dinero buscan esposa.'),(_binary '\0',35,10,'Es una realidad innegable que los hombres ricos necesitan casarse.'),(_binary '\0',36,10,'Es una creencia popular que los solteros adinerados buscan pareja.'),(_binary '',37,9,'resilience'),(_binary '\0',38,9,'resistant'),(_binary '\0',39,9,'resist'),(_binary '\0',40,9,'resistance'),(_binary '\0',89,17,'Perro'),(_binary '',90,17,'Gato'),(_binary '\0',91,17,'Pájaro'),(_binary '\0',92,17,'Pez'),(_binary '\0',93,18,'Cuatro'),(_binary '',94,18,'Seis'),(_binary '\0',95,18,'Siete'),(_binary '\0',96,18,'Ocho'),(_binary '\0',97,19,'Hola'),(_binary '',98,19,'Adiós'),(_binary '\0',99,19,'Por favor'),(_binary '\0',100,19,'Gracias'),(_binary '',101,20,'Pequeño'),(_binary '\0',102,20,'Alto'),(_binary '\0',103,20,'Fuerte'),(_binary '\0',104,20,'Rápido'),(_binary '\0',105,21,'Gato'),(_binary '',106,21,'Perro'),(_binary '\0',107,21,'Pájaro'),(_binary '\0',108,21,'Pez'),(_binary '\0',109,22,'No'),(_binary '',110,22,'Sí'),(_binary '\0',111,22,'Tal vez'),(_binary '\0',112,22,'Quizás'),(_binary '',153,23,'Sad'),(_binary '\0',154,23,'Angry'),(_binary '\0',155,23,'Tired'),(_binary '\0',156,23,'Excited'),(_binary '',157,24,'am'),(_binary '\0',158,24,'is'),(_binary '\0',159,24,'are'),(_binary '\0',160,24,'be'),(_binary '\0',161,25,'Tengo hambre'),(_binary '\0',162,25,'Tengo sueño'),(_binary '',163,25,'Me duele la cabeza'),(_binary '\0',164,25,'Tengo calor'),(_binary '\0',165,26,'Verde'),(_binary '',166,26,'Azul'),(_binary '\0',167,26,'Rojo'),(_binary '\0',168,26,'Amarillo'),(_binary '\0',169,27,'Correr'),(_binary '',170,27,'Nadar'),(_binary '\0',171,27,'Bailar'),(_binary '\0',172,27,'Cantar'),(_binary '\0',173,28,'go'),(_binary '',174,28,'goes'),(_binary '\0',175,28,'going'),(_binary '\0',176,28,'went'),(_binary '',177,29,'Hot'),(_binary '\0',178,29,'Warm'),(_binary '\0',179,29,'Cool'),(_binary '\0',180,29,'Freezing'),(_binary '',181,30,'Cocinar'),(_binary '\0',182,30,'Comer'),(_binary '\0',183,30,'Beber'),(_binary '\0',184,30,'Dormir'),(_binary '\0',185,31,'am'),(_binary '\0',186,31,'is'),(_binary '',187,31,'are'),(_binary '\0',188,31,'be'),(_binary '\0',189,32,'Silla'),(_binary '',190,32,'Mesa'),(_binary '\0',191,32,'Cama'),(_binary '\0',192,32,'Armario'),(_binary '\0',193,33,'Teléfono'),(_binary '',194,33,'Computadora'),(_binary '\0',195,33,'Televisión'),(_binary '\0',196,33,'Radio'),(_binary '\0',197,34,'goes'),(_binary '\0',198,34,'go'),(_binary '',199,34,'went'),(_binary '\0',200,34,'gone'),(_binary '',201,35,'Viajar'),(_binary '\0',202,35,'Comer'),(_binary '\0',203,35,'Estudiar'),(_binary '\0',204,35,'Trabajar'),(_binary '\0',205,36,'Película'),(_binary '',206,36,'Libro'),(_binary '\0',207,36,'Canción'),(_binary '\0',208,36,'Revista'),(_binary '\0',209,37,'Jugar'),(_binary '',210,37,'Estudiar'),(_binary '\0',211,37,'Comer'),(_binary '\0',212,37,'Dormir'),(_binary '',213,38,'go'),(_binary '\0',214,38,'goes'),(_binary '\0',215,38,'going'),(_binary '\0',216,38,'went'),(_binary '\0',217,11,'Puerta'),(_binary '',218,11,'Ventana'),(_binary '\0',219,11,'Mesa'),(_binary '\0',220,11,'Silla'),(_binary '\0',221,12,'am'),(_binary '\0',222,12,'are'),(_binary '',223,12,'is'),(_binary '\0',224,12,'be'),(_binary '\0',225,13,'Enojado'),(_binary '\0',226,13,'Triste'),(_binary '\0',227,13,'Cansado'),(_binary '',228,13,'Contento'),(_binary '\0',229,14,'go'),(_binary '\0',230,14,'goes'),(_binary '',231,14,'went'),(_binary '\0',232,14,'going'),(_binary '\0',233,15,'in'),(_binary '\0',234,15,'where'),(_binary '',235,15,'on'),(_binary '\0',236,15,'at'),(_binary '\0',237,16,'Run'),(_binary '\0',238,16,'Play'),(_binary '',239,16,'Can'),(_binary '\0',240,16,'Jump'),(_binary '',241,50,'Small'),(_binary '\0',242,50,'Long'),(_binary '\0',243,50,'Tall'),(_binary '\0',245,50,'Fast'),(_binary '\0',246,51,'Am'),(_binary '',247,51,'Is'),(_binary '\0',248,51,'Be'),(_binary '\0',249,51,'Are'),(_binary '\0',250,52,'Gato'),(_binary '',251,52,'Perro'),(_binary '\0',252,52,'Pájaro'),(_binary '\0',253,52,'Vaca'),(_binary '\0',254,53,'Hola'),(_binary '',255,53,'Adiós'),(_binary '\0',256,53,'Por favor'),(_binary '\0',257,53,'Gracias'),(_binary '\0',258,54,'Go'),(_binary '\0',259,54,'Going'),(_binary '',260,54,'Went'),(_binary '\0',261,54,'Goes'),(_binary '\0',262,55,'Mesa'),(_binary '\0',263,55,'Silla'),(_binary '',264,55,'Libro'),(_binary '\0',265,55,'Televisión'),(_binary '\0',266,56,'She like to swim'),(_binary '',267,56,'She likes to swim'),(_binary '\0',268,56,' She liking to swim'),(_binary '\0',269,56,'She liked to swim'),(_binary '\0',270,57,'Goed'),(_binary '\0',271,57,'Gone'),(_binary '',272,57,'Went'),(_binary '\0',273,57,'Going'),(_binary '\0',274,58,'Twanty'),(_binary '',275,58,'Twenty'),(_binary '\0',276,58,'Twentee'),(_binary '\0',277,58,'Twantie'),(_binary '\0',278,59,'Banana'),(_binary '',279,59,'Carrot'),(_binary '\0',280,59,'Apple'),(_binary '\0',281,59,'Orange'),(_binary '\0',282,60,'is'),(_binary '',283,60,'are'),(_binary '\0',284,60,'am'),(_binary '\0',285,60,'be'),(_binary '\0',286,61,'Half past six'),(_binary '',287,61,'Half past seven'),(_binary '\0',288,61,'Quarter past seven'),(_binary '\0',289,61,'Quarter to seven'),(_binary '\0',290,62,'Happy'),(_binary '',291,62,'Rainy'),(_binary '\0',292,62,'Blue'),(_binary '\0',293,62,'Warm'),(_binary '\0',294,63,'Slow'),(_binary '',295,63,'Quick'),(_binary '\0',296,63,'Big'),(_binary '\0',297,63,'Loud'),(_binary '\0',298,64,'Childs'),(_binary '\0',299,64,'Childst'),(_binary '\0',300,64,'Childrens'),(_binary '',301,64,'Children'),(_binary '\0',302,65,'Where you live?'),(_binary '\0',303,65,'Where does you live?'),(_binary '',304,65,'Where do you live?'),(_binary '\0',305,65,'Where is you live?'),(_binary '\0',306,66,'Sad'),(_binary '\0',307,66,'Angry'),(_binary '\0',308,66,'Tired'),(_binary '',309,66,'Joyful'),(_binary '\0',310,67,'She don´t like apples'),(_binary '',311,67,'She doesn´t likes apples'),(_binary '\0',312,67,'She doesn´t like apples'),(_binary '\0',313,67,'She don´t likes apples'),(_binary '',314,68,'Amazing'),(_binary '\0',315,68,'Boring'),(_binary '\0',316,68,'Ordinary'),(_binary '\0',317,68,'Unpleasant'),(_binary '',318,69,'I have seen that movie'),(_binary '\0',319,69,'I saw that movie'),(_binary '\0',320,69,'I see that movie'),(_binary '\0',321,69,'I will see that movie'),(_binary '\0',322,70,'In'),(_binary '\0',323,70,'On'),(_binary '\0',324,70,'With'),(_binary '',325,70,'At'),(_binary '',326,71,'More beautiful'),(_binary '\0',327,71,'Beautifuler'),(_binary '\0',328,71,'Most beautiful'),(_binary '\0',329,71,'More beautifully'),(_binary '',330,72,'Being'),(_binary '\0',331,72,'Be'),(_binary '\0',332,72,'To be'),(_binary '\0',333,72,'Been'),(_binary '\0',334,73,'If it will rain, we would stay inside'),(_binary '',335,73,'If it rains, we will stay inside'),(_binary '\0',336,73,'If it rained, we will stay inside'),(_binary '\0',337,73,'If it rains, we would stay inside'),(_binary '',338,74,'To'),(_binary '\0',339,74,'For'),(_binary '\0',340,74,'At'),(_binary '\0',341,74,'On'),(_binary '\0',342,75,'I am studying English since two years'),(_binary '',343,75,'I have been studying English for two years'),(_binary '\0',344,75,'I study English since two years'),(_binary '\0',345,75,'I have studying English for two years'),(_binary '',346,76,'The house was built in 1990'),(_binary '\0',347,76,'The house was built in 1990'),(_binary '\0',348,76,'The house were built in 1990'),(_binary '\0',349,76,'The house built in 1990'),(_binary '\0',350,77,'Quick'),(_binary '\0',351,77,'Quicker'),(_binary '',352,77,'Quickly'),(_binary '\0',353,77,'Quickest'),(_binary '\0',354,78,'He asked me where do I live'),(_binary '',355,78,'He asked me where I live'),(_binary '\0',356,78,'He asked me where I living'),(_binary '\0',357,78,'He asked me where did I live'),(_binary '',358,79,'You don’t like coffee, do you?'),(_binary '\0',359,79,'You don’t like coffee, doesn’t you?'),(_binary '\0',360,79,'You don’t like coffee, don’t you?'),(_binary '\0',361,79,'You don’t like coffee, don’t you?'),(_binary '\0',362,80,'To applaud someone'),(_binary '\0',363,80,'To shake hands with someone'),(_binary '\0',365,80,'To hit someone'),(_binary '',366,80,'To help someone'),(_binary '\0',367,81,'for eating'),(_binary '\0',368,81,'to eat'),(_binary '',369,81,'to eating'),(_binary '\0',370,81,'eating'),(_binary '\0',371,82,'I will eat dinner at 7 PM'),(_binary '',372,82,' I will be eating dinner at 7 PM'),(_binary '\0',373,82,'I eat dinner at 7 PM'),(_binary '\0',374,82,'I am eating dinner at 7 PM'),(_binary '\0',375,83,'She said she is going to the market'),(_binary '\0',376,83,'She said she going to the market'),(_binary '\0',377,83,'She said she goes to the market'),(_binary '',378,83,'She said she was going to the market'),(_binary '\0',379,84,'There’s too many people in the room'),(_binary '\0',380,84,' There are too much people in the room'),(_binary '',381,84,'There are too many people in the room'),(_binary '\0',382,84,'There’s too much people in the room'),(_binary '\0',383,85,'to wait'),(_binary '\0',384,85,'wait'),(_binary '',385,85,'waiting'),(_binary '\0',386,85,'waited'),(_binary '',387,86,'To start a conversation in a social setting'),(_binary '\0',388,86,'To break something made of ice'),(_binary '\0',389,86,'To make someone cold'),(_binary '\0',390,86,'To end a relationship'),(_binary '',391,87,'She is an honest person'),(_binary '\0',392,87,'She is a honest person'),(_binary '\0',393,87,'She is the honest person'),(_binary '\0',394,87,'She is honest person'),(_binary '\0',395,88,'To decrease'),(_binary '',396,88,'To expand'),(_binary '\0',397,88,'To diminish'),(_binary '\0',398,88,'To lower'),(_binary '',399,89,'For'),(_binary '\0',400,89,'On'),(_binary '\0',401,89,'To'),(_binary '\0',402,89,'With'),(_binary '\0',403,90,'The manager will review the report'),(_binary '',404,90,'The report will be reviewed by the manager'),(_binary '\0',405,90,'The manager reviews the report'),(_binary '\0',406,90,'The report reviews by the manager'),(_binary '\0',407,91,'was'),(_binary '\0',408,91,'Am'),(_binary '',409,91,'Were'),(_binary '\0',410,91,'Been'),(_binary '',411,92,'Being'),(_binary '\0',412,92,'Be'),(_binary '\0',413,92,'Been'),(_binary '\0',414,92,'Was'),(_binary '',415,93,'Optional'),(_binary '\0',416,93,'Necessary'),(_binary '\0',417,93,'Obligatory'),(_binary '\0',418,93,'Mandatory'),(_binary '\0',419,94,'She suggested to go for a walk'),(_binary '',420,94,'She suggested going for a walk'),(_binary '\0',421,94,'She suggested go for a walk'),(_binary '\0',422,94,'She suggested to going for a walk'),(_binary '',423,95,'drastically'),(_binary '\0',424,95,'drastic'),(_binary '\0',425,95,'drasti'),(_binary '\0',426,95,'dratically'),(_binary '',427,96,'have you'),(_binary '\0',428,96,'haven\'t you'),(_binary '\0',429,96,'did you'),(_binary '\0',430,96,'didn\'t you'),(_binary '\0',431,97,'He suggested that we goes to the new restaurant'),(_binary '\0',432,97,'He suggested that we going to the new restaurant'),(_binary '',433,97,'He suggested that we go to the new restaurant'),(_binary '\0',434,97,'He suggested that we went to the new restaurant'),(_binary '\0',435,98,'have'),(_binary '',436,98,'had'),(_binary '\0',437,98,'will have'),(_binary '\0',438,98,'would have'),(_binary '',439,99,'significant'),(_binary '\0',440,99,'significance'),(_binary '\0',441,99,'signify'),(_binary '\0',442,99,'significantly'),(_binary '\0',443,100,'He decided to quit his job due of the long commute'),(_binary '',444,100,'He decided to quit his job because of the long commute'),(_binary '\0',445,100,'He decided to quit his job due of long commute'),(_binary '\0',446,100,'He decided to quit his job because of long commute'),(_binary '\0',447,101,'Where did he go?'),(_binary '',448,101,'Can you tell me where he went?'),(_binary '\0',449,101,'He went where?'),(_binary '\0',450,101,'Do you know where did he go?'),(_binary '\0',451,102,'is'),(_binary '\0',452,102,'are'),(_binary '',453,102,'be'),(_binary '\0',454,102,'being'),(_binary '\0',455,103,'She has lived in Paris since two years'),(_binary '',456,103,'She has lived in Paris for two years'),(_binary '\0',457,103,' She has lived in Paris two years ago'),(_binary '\0',458,103,'She lived in Paris since two years'),(_binary '',459,104,'I look up my sister; she is very talented'),(_binary '\0',460,104,'I look after my sister; she is very talented'),(_binary '\0',461,104,'I look forward to my sister; she is very talented'),(_binary '\0',462,104,' I look like my sister; she is very talented'),(_binary '\0',463,105,'would take'),(_binary '',464,105,' would have taken'),(_binary '\0',465,105,'will take'),(_binary '\0',466,105,'will have taken'),(_binary '\0',467,106,' By the time we will get there, the store will be closed'),(_binary '',468,106,'By the time we get there, the store will be closed'),(_binary '\0',469,106,'By the time we got there, the store will be closed'),(_binary '\0',470,106,'By the time we get there, the store would be closed'),(_binary '\0',471,107,' If I was rich, I would travel the world'),(_binary '\0',472,107,'If I am rich, I would travel the world'),(_binary '',473,107,'If I were rich, I would travel the world.'),(_binary '\0',474,107,' If I were rich, I will travel the world'),(_binary '',475,109,'new, red, big'),(_binary '\0',476,109,'big, new, red'),(_binary '\0',477,109,'red, new, big'),(_binary '\0',478,109,'big, red, new'),(_binary '\0',479,110,'where he put'),(_binary '\0',480,110,'where did he put'),(_binary '\0',481,110,'where he puts'),(_binary '',482,110,'where he had put'),(_binary '\0',483,111,'Retain'),(_binary '',484,111,'Resign'),(_binary '\0',485,111,'Refuse'),(_binary '\0',486,111,'Resume'),(_binary '\0',487,112,'To narrate a story'),(_binary '',488,112,'To explain a topic'),(_binary '\0',489,112,'To persuade the reader'),(_binary '\0',490,112,'To describe a scene'),(_binary '',491,113,'will have finished'),(_binary '\0',492,113,'have finished'),(_binary '\0',493,113,'finished'),(_binary '\0',494,113,'will finish'),(_binary '\0',495,114,'My friends; who are all doctors, are coming to visit'),(_binary '\0',496,114,'My friends who are all doctors, are coming to visit'),(_binary '',497,114,'My friends, who are all doctors, are coming to visit'),(_binary '\0',498,114,'My friends who are all doctors are coming, to visit'),(_binary '\0',499,115,'Simplify'),(_binary '',500,115,'Complicate'),(_binary '\0',501,115,'Ignore'),(_binary '\0',502,115,'Abbreviate'),(_binary '\0',503,116,' She sings beautifully'),(_binary '\0',504,116,'The book is on the table'),(_binary '',505,116,'He kicked the bucket'),(_binary '\0',506,116,'They arrived late'),(_binary '\0',507,117,'passed away'),(_binary '',508,117,'passed out'),(_binary '\0',509,117,'passed up'),(_binary '\0',510,117,'passed by'),(_binary '\0',511,118,'The weather has a big affect on my mood'),(_binary '',512,118,'The new law will affect many people'),(_binary '\0',513,118,'His affect was very cheerful'),(_binary '\0',514,118,'The affect of the drug was immediate'),(_binary '\0',515,119,'Pear'),(_binary '\0',516,119,'Pare'),(_binary '\0',517,119,'Peer'),(_binary '',518,119,'Pare and Pear'),(_binary '\0',519,120,'The meal cooked by the chef'),(_binary '',520,120,'The meal is cooked by the chef'),(_binary '\0',521,120,' The meal is cooking by the chef'),(_binary '\0',522,120,'The meal was cooking by the chef'),(_binary '',523,121,' She was very discreet about her friend\'s secret'),(_binary '\0',524,121,' He made a discreet error in his calculations'),(_binary '\0',525,121,' The results were discreetly different'),(_binary '\0',526,121,'His behavior was discreet and inappropriate'),(_binary '\0',527,122,'disorganized'),(_binary '',528,122,'compelling'),(_binary '\0',529,122,'indifferent'),(_binary '\0',530,122,'trivial'),(_binary '\0',531,123,'To be completely wrong'),(_binary '\0',532,123,'To make a mistake'),(_binary '',533,123,' To be exactly right'),(_binary '\0',534,123,'To injure oneself'),(_binary '\0',535,124,'Hey, what\'s up?'),(_binary '\0',536,124,' I ain\'t got no time for this'),(_binary '',537,124,'Would you kindly provide me with the details?'),(_binary '\0',538,124,'She\'s gonna be late'),(_binary '\0',539,125,'Worsen'),(_binary '\0',540,125,'Intensify'),(_binary '',541,125,'Alleviate'),(_binary '\0',542,125,'Complicate'),(_binary '',543,126,'had left'),(_binary '\0',544,126,'leaves'),(_binary '\0',545,126,'left'),(_binary '\0',546,126,'will leave'),(_binary '\0',547,127,'The woman who lives next door is a doctor'),(_binary '\0',548,127,' The car that he bought is very expensive'),(_binary '',549,127,' My brother, who is a lawyer, lives in New York'),(_binary '\0',550,127,'The book which she wrote is a bestseller'),(_binary '',551,128,'To raise a child'),(_binary '\0',552,128,'To start a journey'),(_binary '\0',553,128,'To remove something'),(_binary '\0',554,128,'To lower the volume'),(_binary '\0',555,129,'I like coffee and tea'),(_binary '\0',556,129,'Because I was tired, I went to bed early'),(_binary '',557,129,' I went to the store, and I bought some milk'),(_binary '\0',558,129,'Running through the park, she saw a squirrel'),(_binary '',559,130,'having'),(_binary '\0',560,130,'have'),(_binary '\0',561,130,'to have'),(_binary '\0',562,130,'had'),(_binary '\0',563,131,'Careless'),(_binary '',564,131,'Detailed'),(_binary '\0',565,131,'Messy'),(_binary '\0',566,131,'Rough'),(_binary '\0',567,132,'Rare'),(_binary '\0',568,132,'Outdated'),(_binary '\0',569,132,'Unique'),(_binary '',570,132,'Everywhere'),(_binary '',571,133,'Credible'),(_binary '\0',572,133,'Credulous'),(_binary '\0',573,133,'Incredible'),(_binary '\0',574,133,'Incredulous'),(_binary '\0',575,134,'She was studying when he called'),(_binary '\0',576,134,'She has been studying for hours'),(_binary '',577,134,'She had been studying for two hours when he called'),(_binary '\0',578,134,'She will have been studying by the time he arrives'),(_binary '',579,135,'had'),(_binary '\0',580,135,'has'),(_binary '\0',581,135,'was'),(_binary '\0',582,135,'have'),(_binary '\0',583,136,'To clarify'),(_binary '',584,136,'To confuse'),(_binary '\0',585,136,'To illuminate'),(_binary '\0',586,136,'To reveal'),(_binary '\0',587,137,'was'),(_binary '',588,137,'be'),(_binary '\0',589,137,'is'),(_binary '\0',590,137,'were'),(_binary '',591,138,'Walking through the park, the flowers were in full bloom'),(_binary '\0',592,138,' The cat that chased the mouse was black'),(_binary '\0',593,138,'She handed the book to the girl with a smile'),(_binary '\0',594,138,' After eating, the dishes were washed by John'),(_binary '\0',595,139,'To start a new project'),(_binary '\0',596,139,'To clean up'),(_binary '',597,139,'To give up'),(_binary '\0',598,139,'To fight back'),(_binary '\0',599,140,'intriguing'),(_binary '\0',600,140,'captivating'),(_binary '',601,140,'monotonous'),(_binary '\0',602,140,'dynamic'),(_binary '\0',603,141,'abrasive'),(_binary '',604,141,'congenial'),(_binary '\0',605,141,'aloof'),(_binary '\0',606,141,'indifferent'),(_binary '\0',607,142,'If he was to call, I would answer'),(_binary '',608,142,'If I were you, I would take the job'),(_binary '\0',609,142,'She demanded that he is present at the meeting'),(_binary '\0',610,142,'I wish he was here'),(_binary '\0',611,143,'Generous'),(_binary '\0',612,143,'Extravagant'),(_binary '\0',613,143,'Lavish'),(_binary '',614,143,'Stingy'),(_binary '',615,144,'The silence was deafening'),(_binary '\0',616,144,' He was as quiet as a mouse'),(_binary '\0',617,144,'She sang beautifully'),(_binary '\0',618,144,'The book was interesting'),(_binary '\0',619,145,'\"I am going to the store,\" she said'),(_binary '\0',620,145,'She said, \"I am going to the store.\"'),(_binary '',621,145,'She said that she was going to the store'),(_binary '\0',622,145,' \"Are you going to the store?\" she asked'),(_binary '',623,146,'which'),(_binary '\0',624,146,'who'),(_binary '\0',625,146,'that'),(_binary '\0',626,146,'whom'),(_binary '\0',627,147,'Unnecessary'),(_binary '',628,147,'Typical'),(_binary '\0',629,147,'Unrelated'),(_binary '\0',630,147,'Modern'),(_binary '\0',631,148,'My brother’s car, which is red is parked outside'),(_binary '\0',632,148,'My brother’s car which is red, is parked outside'),(_binary '',633,148,' My brother’s car, which is red, is parked outside'),(_binary '\0',634,148,'My brother’s car which, is red is parked outside'),(_binary '',635,149,'Lasting for a very short time'),(_binary '\0',636,149,'Permanent'),(_binary '\0',637,149,'Strong'),(_binary '\0',638,149,'weak'),(_binary '\0',639,150,'was she'),(_binary '\0',640,150,'she was'),(_binary '\0',641,150,' she is'),(_binary '',642,150,'is she'),(_binary '',643,151,'Tear (rip) and tear (drop from the eye)'),(_binary '\0',644,151,'Right (correct) and write (to compose)'),(_binary '\0',645,151,'No (negative) and know (to be aware of)'),(_binary '\0',646,151,'Mail (post) and male (gender)'),(_binary '\0',647,152,' To confront directly'),(_binary '',648,152,' To avoid the main topic'),(_binary '\0',649,152,'To speak clearly'),(_binary '\0',650,152,'To cause a commotion'),(_binary '\0',651,153,'redundant'),(_binary '\0',652,153,'contrived'),(_binary '',653,153,'controversial'),(_binary '\0',654,153,'implicit'),(_binary '\0',655,154,'She likes hiking, to swim, and bicycling'),(_binary '\0',656,154,'She likes to hike, swimming, and biking'),(_binary '\0',657,154,'She likes hiking, swimming, and to ride a bike'),(_binary '',658,154,'She likes hiking, swimming, and biking');
/*!40000 ALTER TABLE `opciones` ENABLE KEYS */;
UNLOCK TABLES;

--
-- Table structure for table `preguntas`
--

DROP TABLE IF EXISTS `preguntas`;
/*!40101 SET @saved_cs_client     = @@character_set_client */;
/*!50503 SET character_set_client = utf8mb4 */;
CREATE TABLE `preguntas` (
  `idejercicio` int DEFAULT NULL,
  `idpregunta` int NOT NULL AUTO_INCREMENT,
  `enunciado` varchar(255) DEFAULT NULL,
  PRIMARY KEY (`idpregunta`),
  KEY `FKj4o191kpt5t8pv20crsxflaho` (`idejercicio`),
  CONSTRAINT `FKj4o191kpt5t8pv20crsxflaho` FOREIGN KEY (`idejercicio`) REFERENCES `ejercicios` (`idejercicio`)
) ENGINE=InnoDB AUTO_INCREMENT=155 DEFAULT CHARSET=utf8mb4 COLLATE=utf8mb4_0900_ai_ci;
/*!40101 SET character_set_client = @saved_cs_client */;

--
-- Dumping data for table `preguntas`
--

LOCK TABLES `preguntas` WRITE;
/*!40000 ALTER TABLE `preguntas` DISABLE KEYS */;
INSERT INTO `preguntas` VALUES (1,1,'Completa la frase: I go to the park _____ the afternoon.'),(1,2,'Traduce la siguiente palabra: Dog'),(1,3,'Elige la opción correcta: \"I _____ my homework last night.\"'),(1,4,'¿Cuál es la diferencia entre \'there\' y \'they\'re\'?'),(1,5,'Completa la frase: \"The teacher _____ the importance of studying English.\"'),(1,6,'Traduce la siguiente frase: I can\'t wait to see you tomorrow!'),(1,7,'Elige la opción que mejor complete el espacio en blanco: \"The company\'s new policy has had a _____ impact on employee morale.\"'),(1,8,'Traduce la siguiente frase: \"All roads lead to Rome.\"'),(1,9,'Completa la frase: \"In the face of adversity, she showed remarkable _____.\"'),(1,10,'Traduce la siguiente frase: \"It is a truth universally acknowledged that a single man in possession of a good fortune must be in want of a wife.\"'),(2,11,'¿Cuál es la traducción correcta de \"window\" al español?'),(2,12,'Elige la forma correcta del verbo \"to be\" en presente para el pronombre \"she\"?'),(2,13,'¿Cuál de las siguientes palabras es sinónimo de \"happy\"?'),(2,14,'Selecciona la opción correcta para completar la oración: \"I ____ to the park yesterday.\"'),(2,15,'Elige la preposición correcta para completar la oración: \"She is sitting ____ the table.\"'),(2,16,'¿Cuál de las siguientes es un verbo modal?'),(3,17,'¿Cuál es la traducción correcta de \"cat\" al español?'),(3,18,'¿Qué número sigue después de \"five\"?'),(3,19,'¿Qué significa \"goodbye\" en español?'),(3,20,'¿Cuál es el opuesto de \"big\"?'),(3,21,'¿Qué animal dice \"woof\"?'),(3,22,'¿Qué significa \"yes\" en español?'),(4,23,'¿Cuál es el antónimo de \"happy\"?'),(4,24,'Completa la siguiente frase correctamente: \"I ____ from Spain.\"'),(4,25,'¿Qué significa \"I have a headache\" en español?'),(4,26,'¿Cuál es la traducción correcta de \"blue\" al español?'),(4,27,'¿Qué significa \"to swim\" en español?'),(4,28,'Completa la siguiente frase correctamente: \"She ____ to school every day.\"'),(4,29,'¿Cuál es el antónimo de \"cold\"?'),(4,30,'¿Qué significa \"to cook\" en español?'),(4,31,'Completa la siguiente frase correctamente: \"They ____ brothers.\"'),(4,32,'¿Cuál es la traducción correcta de \"table\" al español?'),(5,33,'¿Cuál es la traducción correcta de \"computer\" al español?'),(5,34,'Completa la siguiente frase correctamente: \"She _____ to the store when it started raining.\"'),(5,35,'¿Qué significa \"to travel\" en español?'),(5,36,'¿Cuál es la traducción correcta de \"book\" al español?'),(5,37,'¿Qué significa \"to study\" en español?'),(5,38,'Completa la siguiente frase correctamente: \"I _____ to the gym every Monday.\"'),(6,50,'¿Cuál es el antónimo de \"big\" en inglés?'),(6,51,'¿Cuál es la forma correcta del verbo \"to be\" en tercera persona singular en presente simple?'),(6,52,'¿Cuál es la traducción correcta de \"dog\" al español?'),(6,53,'¿Qué significa \"goodbye\" en español?'),(6,54,'¿Qué palabra completa la frase correctamente? \"I ___ to the supermarket yesterday.\"?'),(6,55,'¿Cuál es la traducción correcta de \"book\" al español?'),(7,56,'Which sentence is correct?'),(7,57,'What is the past tense of \'go\'?'),(7,58,'How do you spell the number 20?'),(7,59,'Which one is a vegetable?'),(7,60,'Choose the correct form: \"They ___ going to the park.\"'),(7,61,'What time is it if the clock shows 7:30?'),(7,62,'Which is a type of weather'),(7,63,'Which word means \"rápido\" in English?'),(7,64,'What is the plural of \"child\"?'),(7,65,'What is the correct question form?'),(8,66,'Wich of these is a synonym for \"happy\"?'),(8,67,'Choose the correct sentence:'),(8,68,'What does the word \"breathtaking\" mean?'),(8,69,'What of these sentences is in the present perfect tense?'),(8,70,'Wich preposition correctly completes the sentence: \"She is good__ playing the piano\"?'),(8,71,'What is the comparative form of \"beautiful\"?'),(9,72,'Wich word best completes the sentence: \"He didn´t mind ___ alone at home\"?'),(9,73,'Which sentence uses the correct form of the conditional?'),(9,74,'Which word completes the sentence correctly: \"I am looking forward ___ the concert\"?'),(9,75,'Which sentence is correct?'),(9,76,'What is the correct passive form of: \"They built the house in 1990\"?'),(9,77,'Which word is an adverb?'),(10,78,'Choose the correct sentence:'),(10,79,'Which of these is a correct question tag?'),(10,80,'What does \'to give someone a hand\' mean?'),(10,81,'Choose the correct word to complete the sentence: \"I am not used ___ spicy food.\"'),(10,82,'Which of these sentences is in the future continuous tense?'),(10,83,'What is the correct indirect speech for: \"I am going to the market,\" she said'),(10,84,'Which sentence is correct?'),(10,85,'Which word best completes the sentence: \"I can\'t stand ___ in long lines\"?'),(10,86,'What does \'to break the ice\' mean?'),(10,87,'Which sentence uses the correct article?'),(11,88,'What is the synonym of \'to increase\'?'),(11,89,'Choose the correct preposition: He is responsible ___ the project.'),(11,90,'Which sentence is in the passive voice?'),(11,91,'What is the correct form of the verb in this sentence: If I ___ you, I would apologize.'),(11,92,'Choose the correct option to complete the sentence: Despite ___ very tired, he finished the marathon'),(11,93,'Which of the following words is an antonym of \'compulsory\'?'),(12,94,'Identify the correct sentence:'),(12,95,'Choose the correct word: The new policy will ___ affect the economy'),(12,96,'What is the correct question tag for this sentence: You haven\'t seen the movie, ___?'),(12,97,'Which of the following sentences is grammatically correct?'),(12,98,'Choose the correct option to complete the sentence: I wish I ___ more time to finish the project.'),(12,99,'Which word correctly completes the sentence? The scientist is known for his ___ contributions to the field of genetics'),(13,100,'Choose the correct sentence:'),(13,101,'Which of the following is an example of an indirect question?'),(13,102,'Choose the correct option: It is important that everyone ___ at the meeting on time.'),(13,103,'Identify the correct sentence:'),(13,104,'Which sentence uses the correct form of the phrasal verb?'),(13,105,'Choose the correct option to complete the sentence: Had she known about the traffic jam, she ___ an alternative route'),(13,106,'Which of the following sentences is in the correct form?'),(13,107,'Which sentence uses the correct form of the verb?'),(13,109,'What is the correct order of the adjectives in this sentence: She has a ___ car'),(13,110,'Choose the correct option: He couldn\'t remember ___ the keys.  a) where he put'),(14,111,'Which of the following words means \"to give up a position or office\"?'),(14,112,'What is the main purpose of an expository essay?'),(14,113,'Choose the correct form of the verb to complete the sentence: \"By the time she arrives, we ___ dinner.\"'),(14,114,'Which sentence is correctly punctuated?'),(14,115,'What is the synonym of \"elaborate\"?'),(14,116,'Which of the following sentences is an example of an idiom?'),(15,117,'Choose the correct phrasal verb to complete the sentence: \"She was so tired that she ___ during the lecture.\"'),(15,118,'In which sentence is the word \"affect\" used correctly?'),(15,119,'Which of the following words is a homophone of \"pair\"?'),(15,120,'What is the passive form of the sentence: \"The chef cooks the meal\"?'),(15,121,'Which of the following sentences uses the word \"discreet\" correctly?'),(15,122,'Choose the correct word to complete the sentence: \"Her argument was coherent and ___, making it hard to refute.\"'),(16,123,'What is the meaning of the idiom \"hit the nail on the head\"?'),(16,124,'Which sentence is written in the correct formal style?'),(16,125,'What is the antonym of \"exacerbate\"?'),(16,126,'Choose the correct option to complete the sentence: \"If she ___ earlier, she would have caught the train.'),(16,127,'Which of the following sentences contains a non-defining relative clause?'),(16,128,'What is the meaning of the phrasal verb \"bring up\"?'),(16,129,'Which of the following is a compound sentence?'),(16,130,'Choose the correct option to complete the sentence: \"He insisted on ___ his own way.'),(16,131,'Which of these is a synonym for \"meticulous\"?'),(16,132,'What is the correct meaning of the word \"ubiquitous\"?'),(17,133,'Which word means \"able to be believed; convincing\"?'),(17,134,'Identify the correct use of a past perfect continuous tense in the following options:'),(17,135,'Choose the correct option to complete the sentence: \"Hardly ___ she finished her speech when the audience gave her a standing ovation.\"'),(17,136,'What does the word \"obfuscate\" mean?'),(17,137,'Choose the correct option to complete the sentence: \"He suggested that the report ___ rewritten.\"'),(17,138,'Which of the following sentences contains a misplaced modifier?'),(18,139,'What is the meaning of the idiom \"to throw in the towel\"?'),(18,140,'Which word best fits the sentence? \"The professor’s lecture was so ___ that many students struggled to stay awake.\"'),(18,141,'Choose the correct word to complete the sentence: \"Her ___ manner won her many friends at the new job.\"'),(18,142,'Which sentence uses the correct form of the subjunctive mood?'),(18,143,'What is the synonym of \"parsimonious\"?'),(18,144,'Identify the sentence that uses an oxymoron:'),(19,145,'Which of the following sentences is an example of indirect speech?'),(19,146,'Choose the correct option to complete the sentence: \"The project, ___ was due next week, has been postponed.\"'),(19,147,'What does the word \"quintessential\" mean?'),(19,148,'Which sentence is correctly punctuated?'),(19,149,'What is the meaning of the word \"ephemeral\"?'),(19,150,'Choose the correct option to complete the sentence: \"Not only ___ a talented singer, but she also writes her own songs.'),(19,151,'Which of the following words is a homograph?'),(19,152,'What does the idiom \"beat around the bush\" mean?'),(19,153,'Which word best completes the sentence: \"The scientist\'s theory was highly ___, provoking much debate among her peers\"?'),(19,154,'Identify the sentence that uses parallel structure correctly:');
/*!40000 ALTER TABLE `preguntas` ENABLE KEYS */;
UNLOCK TABLES;

--
-- Table structure for table `usuarioejercicio`
--

DROP TABLE IF EXISTS `usuarioejercicio`;
/*!40101 SET @saved_cs_client     = @@character_set_client */;
/*!50503 SET character_set_client = utf8mb4 */;
CREATE TABLE `usuarioejercicio` (
  `aciertos` int DEFAULT NULL,
  `idejercicio` int DEFAULT NULL,
  `idusuario` int DEFAULT NULL,
  `idusuarioejercicio` int NOT NULL AUTO_INCREMENT,
  `fecharealizacion` datetime(6) DEFAULT NULL,
  PRIMARY KEY (`idusuarioejercicio`),
  UNIQUE KEY `UKiknqxnnbm3tmkggstyla74yt5` (`idusuario`,`idejercicio`),
  KEY `FKbpm3tkyccdbtfmerno340uigb` (`idejercicio`),
  CONSTRAINT `FK7a79jq4kq2o3mdt3t2rv9my3p` FOREIGN KEY (`idusuario`) REFERENCES `usuarios` (`idusuario`) ON DELETE CASCADE,
  CONSTRAINT `FKbpm3tkyccdbtfmerno340uigb` FOREIGN KEY (`idejercicio`) REFERENCES `ejercicios` (`idejercicio`) ON DELETE CASCADE
) ENGINE=InnoDB AUTO_INCREMENT=49 DEFAULT CHARSET=utf8mb4 COLLATE=utf8mb4_0900_ai_ci;
/*!40101 SET character_set_client = @saved_cs_client */;

--
-- Dumping data for table `usuarioejercicio`
--

LOCK TABLES `usuarioejercicio` WRITE;
/*!40000 ALTER TABLE `usuarioejercicio` DISABLE KEYS */;
INSERT INTO `usuarioejercicio` VALUES (3,2,18,21,'2024-05-19 16:35:56.107652'),(3,2,19,22,'2024-05-19 17:08:41.069267'),(6,3,19,23,'2024-05-19 17:10:24.511320'),(10,4,19,24,'2024-05-19 17:11:28.542720'),(6,5,19,25,'2024-05-19 17:12:08.374812'),(4,2,20,26,'2024-05-19 19:53:00.654639'),(5,5,21,29,'2024-06-02 13:55:16.913832'),(6,6,21,30,'2024-06-02 13:55:54.437541'),(10,7,21,31,'2024-06-02 13:57:02.629560'),(10,1,30,32,'2024-06-03 19:30:58.757215'),(7,1,31,33,'2024-06-03 21:55:42.449902'),(3,14,31,38,'2024-06-04 17:33:20.019049'),(3,15,31,39,'2024-06-04 17:34:31.295397'),(3,17,21,40,'2024-06-04 17:53:52.293493'),(9,1,32,41,'2024-06-04 18:03:13.319046'),(3,17,32,42,'2024-06-04 18:03:23.831558'),(4,18,32,43,'2024-06-04 18:03:52.843302'),(7,19,32,44,'2024-06-04 18:05:20.057069'),(1,1,46,48,'2024-06-08 16:50:59.315041');
/*!40000 ALTER TABLE `usuarioejercicio` ENABLE KEYS */;
UNLOCK TABLES;

--
-- Table structure for table `usuarios`
--

DROP TABLE IF EXISTS `usuarios`;
/*!40101 SET @saved_cs_client     = @@character_set_client */;
/*!50503 SET character_set_client = utf8mb4 */;
CREATE TABLE `usuarios` (
  `fechacreacion` date DEFAULT NULL,
  `idusuario` int NOT NULL AUTO_INCREMENT,
  `contraseña` varchar(255) DEFAULT NULL,
  `correo` varchar(255) DEFAULT NULL,
  `idioma` varchar(255) DEFAULT NULL,
  `nivel` varchar(255) DEFAULT NULL,
  `nombre` varchar(255) DEFAULT NULL,
  `tipo` varchar(255) DEFAULT NULL,
  `contraseñaa` varchar(255) DEFAULT NULL,
  PRIMARY KEY (`idusuario`),
  UNIQUE KEY `UK_cdmw5hxlfj78uf4997i3qyyw5` (`correo`)
) ENGINE=InnoDB AUTO_INCREMENT=47 DEFAULT CHARSET=utf8mb4 COLLATE=utf8mb4_0900_ai_ci;
/*!40101 SET character_set_client = @saved_cs_client */;

--
-- Dumping data for table `usuarios`
--

LOCK TABLES `usuarios` WRITE;
/*!40000 ALTER TABLE `usuarios` DISABLE KEYS */;
INSERT INTO `usuarios` VALUES ('2024-05-19',17,'{\"iv\":\"5FrC4L2CyaAk2KUkODwpHQ==\",\"textoEncriptado\":\"413HGQZePT76T7HudeGSiA==\"}','manolo@manolo.com','Ingles','A1','safdas','user',NULL),('2024-05-19',18,'{\"iv\":\"omLUTOMZ9tElDnv8akAOsQ==\",\"textoEncriptado\":\"pZ+RDT/kpAwYUJO3gthV6w==\"}','paco@paco.com','Ingles','A1','paco','user',NULL),('2024-05-19',19,'{\"iv\":\"ajKHFWPeRFI0fEtz9/vK/g==\",\"textoEncriptado\":\"w+8CrThS5sZsOfwnPdhj9g==\"}','culo@culo.culo','Ingles','A2','culo','user',NULL),('2024-05-19',20,'{\"iv\":\"/d9Gn6C1rpVlgtqMjyUV1A==\",\"textoEncriptado\":\"DgibuONyMEI6b+ICcnLWLA==\"}','test1@test.com','Ingles','A1','test','user',NULL),('2024-05-24',21,'{\"iv\":\"rHvvfNC1c9pTAYFIkIbqtg==\",\"textoEncriptado\":\"hKcFFVmukGTyL2Z721SXVQ==\"}','admin@admin.com','Ingles','C2','admin','ADMIN',NULL),('2024-05-31',27,'xd','xd@xd.xd','Ingles',NULL,'xd','user',NULL),('2024-06-03',30,'contrasEñA','adrixc4@gmail.com',NULL,NULL,'adrixc4',NULL,NULL),('2024-06-03',31,'{\"iv\":\"9lw8nmqsT2vR/j9FRtP6Cw==\",\"textoEncriptado\":\"ftP6zUsW1ldlcSZkitMJQw==\"}','test59@test.com','Ingles','C1','test59','user',NULL),('2024-06-04',32,'{\"iv\":\"7ktG3pI43ccdSFEZgssvFg==\",\"textoEncriptado\":\"IUurmEO5aadG08z407P30g==\"}','test60@test.com','Ingles','0','test60','user',NULL),('2024-06-08',45,NULL,'manolo@manolin.com',NULL,NULL,'manolin','user',NULL),('2024-06-08',46,'{\"iv\":\"hzW4+/HoDgmEPDBu9O+lBA==\",\"textoEncriptado\":\"s0pbXuOEiUzvcD5npXLb5w==\"}','lasttest@test.com','Ingles','A2','last','user',NULL);
/*!40000 ALTER TABLE `usuarios` ENABLE KEYS */;
UNLOCK TABLES;
/*!40103 SET TIME_ZONE=@OLD_TIME_ZONE */;

/*!40101 SET SQL_MODE=@OLD_SQL_MODE */;
/*!40014 SET FOREIGN_KEY_CHECKS=@OLD_FOREIGN_KEY_CHECKS */;
/*!40014 SET UNIQUE_CHECKS=@OLD_UNIQUE_CHECKS */;
/*!40101 SET CHARACTER_SET_CLIENT=@OLD_CHARACTER_SET_CLIENT */;
/*!40101 SET CHARACTER_SET_RESULTS=@OLD_CHARACTER_SET_RESULTS */;
/*!40101 SET COLLATION_CONNECTION=@OLD_COLLATION_CONNECTION */;
/*!40111 SET SQL_NOTES=@OLD_SQL_NOTES */;

-- Dump completed on 2024-06-08 17:43:50
